-- phpMyAdmin SQL Dump
-- version 5.0.4
-- https://www.phpmyadmin.net/
--
-- Host: 127.0.0.1
-- Generation Time: Oct 24, 2022 at 01:12 PM
-- Server version: 10.4.17-MariaDB
-- PHP Version: 8.0.0

SET SQL_MODE = "NO_AUTO_VALUE_ON_ZERO";
START TRANSACTION;
SET time_zone = "+00:00";


/*!40101 SET @OLD_CHARACTER_SET_CLIENT=@@CHARACTER_SET_CLIENT */;
/*!40101 SET @OLD_CHARACTER_SET_RESULTS=@@CHARACTER_SET_RESULTS */;
/*!40101 SET @OLD_COLLATION_CONNECTION=@@COLLATION_CONNECTION */;
/*!40101 SET NAMES utf8mb4 */;

--
-- Database: `historydemo`
--

-- --------------------------------------------------------

--
-- Table structure for table `tbl_description`
--

CREATE TABLE `tbl_description` (
  `id_des` int(11) NOT NULL,
  `name_des` varchar(100) NOT NULL,
  `birthday` varchar(30) NOT NULL,
  `description` varchar(600) NOT NULL
) ENGINE=InnoDB DEFAULT CHARSET=utf8;

--
-- Dumping data for table `tbl_description`
--

INSERT INTO `tbl_description` (`id_des`, `name_des`, `birthday`, `description`) VALUES
(1, 'เซอร์ ไอแซก นิวตัน', '4 มกราคม ค.ศ.1642', 'เป็นนักฟิสิกส์และนักคณิตศาสตร์ชาวอังกฤษผู้เขียน หนังสือ Principia ถือเป็นงานทางวิทยาศาสตร์ที่สำคัญที่สุด ในประวัติศาสตร์ การมีส่วนร่วมของเขาทำให้โลก เกิดการ ปฏิวัติทางวิทยาศาสตร์ขึ้นมา ในประวัติศาสตร์ของมนุษยชาติ ผลงานที่ได้รับการยอมรับมากที่สุดของเขา คือกฎความ โน้มถ่วงสากล ซึ่งเขาอธิบายการเคลื่อนที่ของดาวเคราะห์ อย่างไรก็ตามการศึกษาของเขามีจำนวนมาก เขาได้คิดค้น กล้องโทรทรรศน์ ซึ่งอนุญาตให้เขาศึกษาอวกาศ และแสดงให้ เห็นถึงทฤษฎีของสีและแสง '),
(2, 'อัลเบิร์ต ไอน์สไตน์', '14 มีนาคม ค.ศ.1879', 'เป็นศาสตราจารย์ทางฟิสิกส์และนักฟิสิกส์ทฤษฎี ชาวเยอรมันเชื้อสายยิว ซึ่งเป็นที่ยอมรับกันอย่างกว้างขวางว่าเป็นนักวิทยาศาสตร์ที่ยิ่งใหญ่ที่สุดในคริสต์ศตวรรษที่ 20 เขาเป็นผู้เสนอทฤษฎีสัมพัทธภาพ และมีส่วนร่วมในการพัฒนากลศาสตร์ควอนตัม กลศาสตร์สถิติ และจักรวาลวิทยา เขาได้รับรางวัลโนเบลสาขาฟิสิกส์ใน พ.ศ. 2464 จากการอธิบายปรากฏการณ์โฟโตอิเล็กทริก และจาก\"การทำประโยชน์แก่ฟิสิกส์ทฤษฎี\" ตัวไอน์ชไตน์เองมีความระลึกถึงผลกระทบทางสังคม ซึ่งมีผลมาจากการค้นพบทางวิทยาศาสตร์อย่างลึกซึ้ง ในฐานะที่เขาได้เป็นปูชนียบุคคลแห่งความบรรลุทางปัญญา '),
(3, 'ทอมัส แอลวา เอดิสัน', '11 กุมภาพันธ์ ค.ศ. 1847', 'เป็นนักประดิษฐ์และนักธุรกิจชาวอเมริกัน ผู้ซึ่งประดิษฐ์อุปกรณ์ที่สำคัญต่าง ๆ มากมาย ได้ฉายา พ่อมดแห่งเมนโลพาร์ก เป็นหนึ่งในผู้ริเริ่มนำหลักการของการผลิตจำนวนมาก และกระบวนการประดิษฐ์มาประยุกต์รวมกัน ทอมัส เอดิสัน มักจะถูกเข้าใจผิดว่าเป็นผู้คิดค้นหลอดไฟ แต่ในความเป็นจริงเขาเป็นบุคคลแรกที่จดสิทธิบัตรในการประดิษฐ์หลอดไฟจากนักวิทยาศาสตร์กว่า 20 คนที่คิดค้นหลอดไฟ และสามารถนำมาทำเป็นธุรกิจได้ เอดิสันยังคงเป็นหนึ่งในผู้ก่อตั้งบริษัทเจเนอรัลอิเล็กทริก (General Electric) บริษัทเครื่องใช้ไฟฟ้าขนาดใหญ่ของโลก'),
(4, 'กาลีเลโอ ดี วินเชนโซ โบนายูตี เด กาลีเลอี', '15 กุมภาพันธ์ ค.ศ. 1564', 'เป็นนักดาราศาสตร์ นักฟิสิกส์ และวิศวกรชาวอิตาลี ที่มีชื่อเสียงมากที่สุดคนหนึ่งของโลก โดยเฉพาะผลงานด้านดาราศาสตร์เป็นผลงานที่มีชื่อเสียงมากที่สุด ในการทดลองและการค้นพบจุดดับบนดวงอาทิตย์ พบบริวารของดาวพฤหัสบดี เป็นต้น การพบลักษณะการแกว่งของวัตถุ ซึ่งต่อมาได้พัฒนาเป็นเครื่องจับเวลา และนาฬิกาลูกตุ้ม อีกทั้งการที่เขาสามารถพัฒนาสร้างกล้องโทรทรรศน์ให้มีประสิทธิภาพมากขึ้น ทำให้วิชาการด้านดาราศาสตร์มีความเจริญก้าวหน้าอย่างมาก '),
(5, 'หลุยส์ ปาสเตอร์', '27 ธันวาคม ค.ศ. 1822', 'เป็นนักเคมีผู้ยิ่งใหญ่ชาวฝรั่งเศส ผลงานที่สร้างชื่อเสียงให้กับเขา และคุณประโยชน์อย่างมากให้กับศาธารณชนคือ วัคซีนป้องกันโรคพิษสุนัขบ้า แม้ว่าโรคนี้จะไม่ได้เป็นโรคระบาดที่รุนแรง แต่ก็สามารถคร่าชีวิตคนเป็นจำนวนมากเช่นกัน นอกจากนี้เขายังค้นพบวัคซีนอีกหลายชนิด ได้แก่ อหิวาตกโรค วัณโรค และโรคคอตีบ ผลงานของเขาที่สร้างคุณประโยชน์อย่างมากอีกชิ้นหนึ่ง คือ การค้นพบวิธีการฆ่าเชื้อจุลินทรีย์แบบพาสเจอร์ไรต์ ในปัจจุบันวิธีการนี้เป็นที่นิยมมากที่สุดเพราะสามารถเก็บรักษาอาหารได้นานและปลอดภัยมากที่สุด'),
(6, 'อับราฮัม ลินคอล์น', '12 กุมภาพันธ์ ค.ศ. 1809', 'เป็นทนายความและรัฐบุรุษชาวอเมริกัน ผู้ซึ่งดำรงตำแหน่งประธานาธิบดีคนที่ 16 แห่งสหรัฐ ตั้งแต่เดือนมีนาคม ค.ศ. 1861 จนกระทั่งถูกลอบสังหารเมื่อเดือนเมษายน ค.ศ. 1865 ลินคอล์นประสบความสำเร็จในการนำพาประเทศผ่านพ้นสงครามกลางเมืองอเมริกา ซึ่งเป็นวิกฤตการณ์ทางรัฐธรรมนูญ ทางทหารและศีลธรรมครั้งใหญ่ที่สุดของประเทศด้วยความสำเร็จดังกล่าว ลินคอล์นจึงสามารถรักษาความเป็นสหภาพของสหรัฐเอาไว้ได้ นอกจากนี้เขายังนำทางไปสู่การเลิกทาส สร้างความมั่งคงแข็งแกร่งให้กับรัฐบาลกลาง ตลอดจนส่งเสริมการเศรษฐกิจและการเงินให้ทันสมัย'),
(7, 'โมหันทาส กรรมจันท คานธี', '2 ตุลาคม ค.ศ. 1869', 'เป็นผู้นำและนักการเมืองที่มีชื่อเสียงชาวอินเดียและศาสนาฮินดู ในการเรียกร้องให้อังกฤษปลดปล่อยตนออกจากการเป็นอาณานิคม คานธี เกิดที่จังหวัดโพรบันดาร์ รัฐคุชราต ทางตะวันตกของอินเดีย ในวรรณะแพศย์ (พ่อค้า) พ่อเป็นข้าราชการ มารดาเป็นแม่บ้านที่เคร่งศาสนา คานธีแต่งงานตั้งแต่อายุ 13 ปี ตามธรรมเนียมของชาวฮินดูในสมัยนั้น คานธีเรียนจบทางด้านกฎหมายมาจากประเทศอังกฤษ และได้เริ่มกิจกรรมการเรียกร้องสิทธิพลเมืองอย่างสันติเป็นครั้งแรกของชาวอินเดียในประเทศอาฟริกาใต้ และต้องการหยุดการเอาเปรียบทางชนชั้นวรรณะของประเทศอินเดีย'),
(8, 'อดอล์ฟ ฮิตเลอร์', '20 เมษายน ค.ศ. 1889', 'อดอล์ฟ ฮิตเลอร์ เป็นนักการเมืองเยอรมันเชื้อชาติออสเตรีย หัวหน้าพรรคกรรมกรชาติสังคมนิยมเยอรมันหรือที่รู้จักกันทั่วไปในชื่อ พรรคนาซี ฮิตเลอร์ดำรงตำแหน่งนายกรัฐมนตรีเยอรมนี ระหว่าง ค.ศ. 1933–1945 และเป็นฟือเรอร์ของเยอรมนี ตั้งแต่ ค.ศ. 1934–1945 ฮิตเลอร์เป็นผู้นำสูงสุดของไรช์เยอรมัน ผู้จุดชนวนสงครามโลกครั้งที่สองในทวีปยุโรป และเป็นผู้ได้รับสนับสนุนจากประชาชนโดยการโจมตีสนธิสัญญาแวร์ซาย และการเสนออุดมการณ์รวมกลุ่มเยอรมัน การต่อต้านยิว และการต่อต้านคอมมิวนิสต์ หลังได้รับแต่งตั้งเป็นนายกรัฐมนตรี'),
(9, 'นโปเลียน โบนาปาร์ต', '15 สิงหาคม ค.ศ. 1769', 'เป็นรัฐบุรุษและผู้นำทหารชาวฝรั่งเศสที่มีชื่อเสียงในฐานะผู้บัญชาการทหารปืนใหญ่ในช่วงการปฏิวัติฝรั่งเศส เขานำการทัพที่ประสบความสำเร็จมากมายในช่วงสงครามปฏิวัติฝรั่งเศส และปราบดาตนเป็นจักรพรรดิแห่งฝรั่งเศสในพระนามว่า นโปเลียนที่ 1 ตั้งแต่ปี ค.ศ. 1804 จนถึง ค.ศ. 1814 และนโปเลียนยังครอบงำกิจการในทวีปยุโรปและทั่วโลกมานานกว่าทศวรรษ ในขณะที่ได้นำพาฝรั่งเศสเข้าต่อสู้รบกับกลุ่มพันธมิตรประเทศรอบด้านในช่วงสงครามนโปเลียน เขาได้รับชัยชนะในศึกสงครามหลายครั้งและการรบส่วนใหญ่ของเขาได้แผ่กว้างใหญ่ไพศาล'),
(10, 'เหมา เจ๋อตง', '26 ธันวาคม ค.ศ. 1893', 'เป็นนักปฏิวัติลัทธิคอมมิวนิสต์ชาวจีนที่กลายเป็นบิดาผู้ก่อตั้งสาธารณรัฐประชาชนจีน(PRC) ซึ่งเขามีบทบาทเป็นประธานแห่งพรรคคอมมิวนิสต์จีน ตั้งแต่ก่อตั้งในปี ค.ศ. 1949 จนกระทั่งเขาถึงแก่อสัญกรรมในปี ค.ศ. 1976 ด้วยอุดมการณ์ลัทธิมากซ์-เลนิน ทฤษฎีของเขา ยุทธศาสตร์การทหาร และนโยบายทางการเมืองของเขามักเป็นที่รู้จักกันโดยรวมคือ ลัทธิเหมา  ประกาศสถาปนา สาธารณรัฐประชาชนจีน ณ จตุรัสเทียนอันเหมิน ในกรุงปักกิ่ง ใช้สัญลักษณ์ค้อนเคียวเป็นสัญลักษณ์พรรค '),
(11, 'เลโอนาร์โด ดี แซร์ ปีเอโร ดา วินชี', '15 เมษายน ค.ศ. 1452', 'เป็นผู้รอบรู้ชาวอิตาลีแห่งยุคฟื้นฟูศิลปวิทยาชั้นสูงที่มีบทบาทเป็นทั้งจิตรกร นักวาด วิศวกร นักวิทยาศาสตร์ นักทฤษฎี ประติมากร และสถาปนิก เลโอนาร์โดมีงานศิลปะที่มีชื่อเสียงหลายชิ้น เช่น พระกระยาหารมื้อสุดท้าย และโมนา ลิซ่า งานของเลโอนาร์โดยังสร้างคุณประโยชน์กับวิชากายวิภาคศาสตร์ ดาราศาสตร์ เป็นบุคคลแรกที่วางรากฐานด้านการบิน รวมถึงวิศวกรรมโยธา ทำให้เกิดจิตวิญญาณของสหวิทยาการในสมัยฟื้นฟูศิลปวิทยาการ และกลายเป็นบุคคลสำคัญของยุคนั้น'),
(12, 'ปาโบล รุยซ์ ปิกาโซ', '25 ตุลาคม ค.ศ. 1881', 'จิตรกรเอกของโลก เป็นบุคคลที่นิตยสาร ไทม์ ยกย่องให้เป็นศิลปินที่มีพรสวรรค์ในการสร้างสรรค์มากที่สุดในคริสต์ศตวรรษที่ 20 ปิกาโซเกิดเมื่อวันที่ 25 ตุลาคม ค.ศ. 1881 ที่เมืองมาลากา แคว้นอันดาลูซิอาทางตอนใต้ของประเทศสเปน ผู้ที่มีผลงานภาพวาด ชื่อ Garcon a la Pipe เป็นภาพวาดเด็กชายถือไปป์และมีมงกุฎดอกไม้ประดับไว้บนศรีษะ ซึ่งมีราคาแพงเป็นอันดับ 3 ของโลก คือ 106,910,000 ดอลล่าร์สหรัฐ ปิกัสโซ่วาดภาพนี้ ขณะที่อาศัยอยู่ที่ Montmartre ในกรุงปารีส ประเทศฝรั่งเศส เมื่อ ค.ศ 1950 ขณะที่เขามีอายุเพียง 24 ปี'),
(13, 'มีเกลันเจโล ดี โลโดวีโก บูโอนาร์โรตี ซีโมนี', '6 มีนาคม ค.ศ. 1475', 'เป็นช่างแกะสลัก จิตรกร และสถาปนิกที่ได้รับการยกย่องว่า เป็นหนึ่งในศิลปินที่ยิ่งใหญ่ที่สุดในยุคฟื้นฟูศิลปวิทยาอิตาลี ผลงานของเขาแสดงให้เห็นถึงการผสมผสานของความเข้าใจด้านจิตวิทยา และความสมจริงทางกายภาพที่ไม่เคยเห็นมาก่อน ภายในยุคนี้ เขาได้รับการยอมรับว่าเป็นบุคคลที่มีความสามารถพิเศษ ผลงานของเขาที่โดดเด่นที่สุดคือประติมากรรม Pieta และ David และภาพวาดเพดาน Sistine Chapel ที่สิ่งเหล่านี้ได้รับการดูแลและรักษาไว้อย่างดีจนถึงทุกวันนี้'),
(14, 'วินเซนต์ แวน โก๊ะ', '30 มีนาคม ค.ศ. 1853', 'เป็นจิตรกรชาวดัตช์ในลัทธิประทับใจยุคหลัง ซึ่งเป็นหนึ่งในผู้มีชื่อเสียงและอิทธิพลมากที่สุดในประวัติศาสตร์ศิลปะตะวันตก เขาสร้างสรรค์งานศิลป์กว่า 2,100 ชิ้นในเวลาเพียงสิบปีกว่า ในจำนวนนี้เป็นภาพสีน้ำมัน 860 ชิ้น ซึ่งส่วนใหญ่ผลิตขึ้นในสองปีสุดท้ายของชีวิตเขา ผลงานของเขามีทั้งภาพภูมิประเทศ ภาพนิ่ง ภาพคนเหมือน และภาพเหมือนตนเอง ซึ่งล้วนมีลักษณะเด่นเป็นสีสันจัดจ้านและงานพู่กันที่ฉวัดเฉวียนแฝงอารมณ์ชวนประทับใจอันช่วยสร้างรากฐานให้แก่ศิลปะสมัยใหม่'),
(15, 'โกลด มอแน', '14 พฤศจิกายน ค.ศ. 1840', 'เป็นจิตรกรลัทธิประทับใจ และเป็นจิตรกรคนสำคัญของประเทศฝรั่งเศสในคริสต์ศตวรรษที่ 19 ถึง 20 มีความสำคัญในการเป็นผู้ริเริ่มศิลปะในลัทธิประทับใจและมีบทบาทสำคัญในปรัชญาและการปฏิบัติของขบวนการนี้ โดยเฉพาะในการเขียนภาพทิวทัศน์กลางแจ้ง มอแนมีผลงานภาพเขียนที่มีชื่อเสียงโด่งดังมากมาย ภาพชุด Water Lilies ที่เขาเขียนจากสวนหลังบ้านของเขาเองเป็นภาพชุดที่ได้รับความนิยมอย่างกว้างขวาง สไตล์การเขียนภาพของมอแนยังสร้างแรงบันดาลใจและมีอิทธิพลต่อศิลปินรุ่นหลังตลอดมา เขาเป็นหนึ่งในศิลปินที่มีชื่อเสียงมากที่สุดในประวัติ'),
(16, 'สตีเวน พอล จอบส์', '24 กุมภาพันธ์ ค.ศ. 1955', 'เป็นผู้นำธุรกิจและนักประดิษฐ์ชาวอเมริกัน ผู้ร่วมก่อตั้ง ประธาน อดีตประธานบริหารของแอปเปิลคอมพิวเตอร์ และยังเคยเป็นประธานบริหาร พิกซาร์แอนิเมชันสตูดิโอส์ และเป็นคณะกรรมการบริหารบริษัทเดอะวอลต์ดิสนีย์ใน ค.ศ. 2006 หลังดิสนีย์ซื้อกิจการพิกซาร์ ฟรัค สตีฟได้สร้างนวัตกรรมใหม่ๆ ด้วยความคิดสร้างสรรค์ชั้นเลิศ ผู้คิดค้นคอมพิวเตอร์ Mac และเป็นสุดยอด CEO ผู้บุกปั้น Apple ผู้สร้างสรรค์ iPhone iPad iPod แม้ว่าในวันนี้เขาจะจากโลกนี้ไปแล้ว แต่สิ่งที่เขาสร้างเอาไว้ยังคงอยู่ และเปลี่ยนแปลงโลกของไอทีไปตลอดกาล'),
(17, 'วิลเลียม เฮนรี เกตส์ ที่สาม', '28 ตุลาคม ค.ศ. 1955', 'เป็นนักธุรกิจชาวอเมริกัน และหนึ่งในผู้ก่อตั้งบริษัทไมโครซอฟท์ เขากับผู้บุกเบิกด้านคอมพิวเตอร์ส่วนบุคคลคนอื่น ๆ ได้ร่วมกันเขียนต้นแบบของภาษาอัลแตร์เบสิก ซึ่งเป็นอินเตอร์เพรเตอร์สำหรับเครื่องอัลแตร์ 8800 เขียนระบบปฏิบัติการดอส และระบบปฏิบัิตการวินโดวส์ เขาได้ร่วมกับพอล แอลเลน ก่อตั้งไมโครซอฟท์ คอร์ปอเรชันขึ้น ซึ่งในขณะนี้เขาดำรงตำแหน่งที่ปรึกษาเรื่องเทคโนโลยี นิตยสารฟอบส์ได้จัดอันดับให้ บิล เกตส์ เป็นบุคคลที่ร่ำรวยที่สุดในโลกหลายปีติดต่อกัน'),
(18, 'ไลนัส ทอร์วัลด์ส', '28 ธันวาคม ค.ศ. 1969', 'เป็นผู้คิดค้นระบบปฏิบัติการลีนุกซ์ชาวฟินแลนด์ เนื่องจากขณะนั้นเขาอายุ 21 ปี ได้เข้าเรียนวิทยาการคอมพิวเตอร์ ที่มหาวิทยาลัยเฮลซิงกิ โดยหลังจากที่เขาซื้อคอมพิวเตอร์ส่วนบุคคลมาใช้งาน กลับรู้สึกไม่ชอบระบบปฏิบัติการ (OS: operating system) ที่มีมากับเครื่องซึ่งเป็นระบบปฏิบัติการ MS-DOS ของบริษัทไมโครซอฟต์ เขาจึงตัดสินใจสร้างระบบปฏิบัติการขึ้นมาเองซึ่งคล้ายยูนิกซ์ แต่สามารถทำงานได้บนคอมพิวเตอร์ส่วนบุคคล เขาใช้เวลาหลายเดือนในการสร้างระบบปฏิบัติการนี้ขึ้นมาและตั้งชื่อว่าลีนุกซ์ (Linux)'),
(19, 'ชาลส์ แบบเบจ', '26 ธันวาคม ค.ศ. 1791', 'เป็นนักคณิตศาสตร์ นักปรัชญาวิเคราะห์ และเป็นนักวิทยาศาสตร์คอมพิวเตอร์ชาวอังกฤษ เขาเป็นคนแรก        ที่มีแนวคิดเรื่องเครื่องคำนวณที่สามารถโปรแกรมหรือสั่งให้ทำงานได้ เครื่องในจินตนาการของเขายังไม่เสร็จสมบูรณ์ เขาก็เสียชีวิตก่อนที่จะได้เห็นความฝันของเขาเป็นจริง แต่ในปี 1991 นี้เองที่เครื่องหาผลต่างนี้ถูกสร้างให้เสร็จสมบูรณ์ตามแบบที่ แบบเบจ ได้ออกแบบไว้ แสดงให้เห็นว่าเครื่องจักรจากแนวคิดของเขาทำงานได้จริง จึงทำให้เขาได้รับสมญานามว่า บิดาแห่งคอมพิวเตอร์'),
(20, 'เซอร์ทิโมที จอห์น เบอร์เนิร์ส-ลี', '8 มิถุนายน ค.ศ. 1955', 'เป็นวิศวกร และนักวิทยาศาสตร์ด้านคอมพิวเตอร์ชาวอังกฤษ ผู้คิดค้นระบบข้อมูลข่าวสารบนอินเตอร์เน็ตที่เรียกว่า World Wide Web (WWW) อันทรงพลังที่ทำให้ระบบเครือข่ายอินเทอร์เน็ตเป็นที่นิยมใช้กันอย่างแพร่หลายทั่วโลก และกลายเป็นสิ่งสำคัญอย่างหนึ่งของมนุษย์ในยุคปัจจุบัน เขาได้ก่อตั้งกลุ่มบริษัท World Wide Web Consortium (W3C) เพื่อดูแลการพัฒนา WWW อย่างต่อเนื่องสร้างความเจริญก้าวหน้าในด้านการค้นหา และการเผยแพร่ความรู้และข้อมูลข่าวสารชนิดเปลี่ยนโลก เขาจึงได้รับการยกย่องเป็นหนึ่งในบุคคลที่สำคัญที่สุดแห่งศตวรรษที่ 20'),
(21, 'ยูเซน เซนต์ลีโอ โบลต์', '21 สิงหาคม ค.ศ. 1986', 'เป็นนักวิ่งชาวจาเมกา เจ้าของฉายา เจ้าสายฟ้าแลบ เจ้าของสถิติโลกวิ่ง 100 เมตร ที่เวลา 9.69 วินาที      และสถิติโลกวิ่ง 200 เมตร เวลา 19.30 วินาที ในการแข่งขันโอลิมปิกฤดูร้อน 2008 เขามีความสูง 196 เซนติเมตร น้ำหนัก 86 กิโลกร้ม และต่อมาเดือนสิงหาคม ค.ศ. 2009 ที่เมืองเบอร์ลินก็ทำลายสถิติโลกวิ่ง 100 เมตรอีกครั้ง ที่เวลา 9.58 วินาที ได้รับเหรียญทองในงานเวิลด์แชมเปียนชิป ถือเป็นการทำลายสถิติโลกที่มีระยะห่างมากที่สุดที่เคยมีมาหลังจากเริ่มใช้วิธีการจับเวลาระบบอิเล็กทรอนิกส์'),
(22, 'ลิโอเนล อันเดรส เมสซิ', '24 มิถุนายน ค.ศ. 1987', 'เป็นนักฟุตบอลชาวอาร์เจนตินา ปัจจุบันเล่นในตำแหน่งกองหน้าให้แก่ปารีแซ็ง-แฌร์แม็ง ในลีกเอิงฝรั่งเศส และทีมชาติอาร์เจนตินา เขามักถูกมองว่าเป็นผู้เล่นที่ดีที่สุดในโลก และได้รับการยอมรับอย่างกว้างขวางว่าเป็นหนึ่งในผู้เล่นที่ยิ่งใหญ่ที่สุดตลอดกาล เมสซิได้รับรางวัลบาลงดอร์มากที่สุด 7 สมัย และได้รางวัลรองเท้าทองคำ 6 สมัย ซึ่งเป็นสถิติสูงสุด และเป็นผู้เล่นที่ทำประตูให้กับสโมสรใดสโมสรหนึ่งมากที่สุดตลอดกาล เมสซิยังทำประตูในนามทีมชาติชุดใหญ่และสโมสรรวมกว่า 750 ประตูตลอดอาชีพ'),
(23, 'คริสเตียโน โรนัลโด', '5 กุมภาพันธ์ ค.ศ. 1985', 'เป็นนักฟุตบอลชาวโปรตุเกส ปัจจุบันเล่นในตำแหน่งกองหน้าให้แก่แมนเชสเตอร์ยูไนเต็ด สโมสรในพรีเมียร์ลีก และเป็นกัปตันทีมชาติโปรตุเกส ได้รับการยกย่องให้เป็นหนึ่งในผู้เล่นที่ยิ่งใหญ่ที่สุดตลอดกาล เขาได้รับรางวัลบาลงดอร์ 5 สมัย และรางวัลรองเท้าทองคำยุโรป 4 สมัย ซึ่งเป็นสถิติสูงสุดของผู้เล่นชาวยุโรป เป็นผู้เล่นชายชาวยุโรปที่ลงสนามในนามทีมชาติมากที่สุด 191 นัด และเป็นผู้เล่นคนเดียวที่เป็นผู้ทำประตูสูงสุดประจำฤดูกาลในลีกสูงสุดของอังกฤษ สเปน และอิตาลี'),
(24, 'เอดซง อารังชีส ดู นาซีเมงตู', '23 ตุลาคม ค.ศ. 1940', 'นักฟุตบอลชาวบราซิล เล่นให้ฟุตบอลทีมชาติบราซิลชนะฟุตบอลโลก 3 ครั้ง และได้ชื่อว่าเป็น ไข่มุกดำ            เขาได้รับการจดจำมากที่สุด เมื่ออยู่ในชุดสีเหลืองของทีมชาติบราซิล ลงเล่นฟุตบอลโลกครั้งแรกที่ประเทศสวีเดน อายุเพียง 17 ปี แถมยังมีอาการบาดเจ็บที่หัวเข่า เขาทำประตูได้ทั้งหมด 6 ประตู รวมทั้ง 2 ประตูในนัดชิงชนะเลิศ และทำให้บราซิลคว้าแชมป์โลก ด้วยการเอาชนะสวีเดน เจ้าภาพ 5-2 ประตู จากผลงานการทำประตูทั้งหมด 1,281 ลูก ใน 22 ปี ของการอยู่ในวงการฟุตบอล ทำให้เขากลายเป็นนักฟุตบอลผู้ยิ่งใหญ่ที่สุดตลอดกาล'),
(25, 'อานเดร เคิร์ก แอกัสซี', '29 เมษายน ค.ศ. 1970', 'เป็นนักเทนนิสชายชาวอเมริกัน ได้รับการยกย่องให้เป็นหนึ่งในนักกีฬาชาวอเมริกันที่เก่งที่สุดตลอดกาล อดีตมือวางอันดับหนึ่งของโลก ได้รับรางวัลชนะเลิศรายการแกรนด์สแลม 8 ครั้ง โดยเป็นนักเทนนิสเพียงหนึ่งในแปดคนที่ชนะเลิศแกรนด์สแลมครบทั้ง 4 รายการใหญ่ แอกัสซีเป็นหนึ่งในสองผู้เล่นในประวัติศาสตร์ร่วมกับ ราฟาเอล นาดัล ที่ทำสถิติชนะเลิศแกรนด์สแลมครบทุกรายการและคว้าเหรียญทองโอลิมปิกในประเภทชายเดี่ยวได้สำเร็จ โดยเขาคว้าเหรียญทองในการแข่งขันโอลิมปิกฤดูร้อน ค.ศ. 1996 ณ เมืองแอตแลนตา รัฐจอร์เจีย สหรัฐอเมริกา');

-- --------------------------------------------------------

--
-- Table structure for table `tbl_favour`
--

CREATE TABLE `tbl_favour` (
  `id_favour` int(11) NOT NULL,
  `id_user` int(11) NOT NULL,
  `id_person` int(11) DEFAULT NULL
) ENGINE=InnoDB DEFAULT CHARSET=utf8;

--
-- Dumping data for table `tbl_favour`
--

INSERT INTO `tbl_favour` (`id_favour`, `id_user`, `id_person`) VALUES
(55, 19, 2),
(56, 19, 1),
(57, 19, 3),
(58, 19, 11),
(59, 19, 15),
(74, 23, 2),
(75, 23, 3),
(80, 24, 1),
(81, 24, 2);

-- --------------------------------------------------------

--
-- Table structure for table `tbl_person`
--

CREATE TABLE `tbl_person` (
  `id_person` int(11) NOT NULL,
  `img_person` varchar(100) NOT NULL,
  `name` varchar(100) NOT NULL,
  `id_type` int(11) NOT NULL,
  `id_des` int(11) NOT NULL
) ENGINE=InnoDB DEFAULT CHARSET=utf8;

--
-- Dumping data for table `tbl_person`
--

INSERT INTO `tbl_person` (`id_person`, `img_person`, `name`, `id_type`, `id_des`) VALUES
(1, 'isaacnewton.jpg', 'ไอแซก นิวตัน', 1, 1),
(2, 'albert.jpg', 'อัลเบิร์ต ไอน์สไตน์', 1, 2),
(3, 'thomas.jpg', 'ทอมัส เอดิสัน', 1, 3),
(4, 'galileo-galilei.jpg', 'กาลิเลโอ กาลิเลอี', 1, 4),
(5, 'louispasteur.jpg', 'หลุยส์ ปาสเตอร์', 1, 5),
(6, 'lincoln.jpg', 'อัลบราฮัม ลินคอล์น', 2, 6),
(7, 'gandhi.jpg', 'มหาตมะ คานธี', 2, 7),
(8, 'hitler.jpg', 'อดอล์ฟ ฮิตเลอร์', 2, 8),
(9, 'napoleone.jpg', 'นโปเลียน โบนาปาร์ต', 2, 9),
(10, 'tung.jpg', 'เหมา เจ๋อ ตุง', 2, 10),
(11, 'vichi.jpg', 'เลโอนาร์โด ดา วินชี', 3, 11),
(12, 'picasso.jpg', 'ปาโบล ปีกัสโซ', 3, 12),
(13, 'vangogh.jpg', 'วินเซนต์ แวนโก๊ะ', 3, 14),
(14, 'angelo.jpg', 'ไมเคิลแองเจโล', 3, 13),
(15, 'monet.jpg', 'โกลด มอแน', 3, 15),
(16, 'jobs.jpg', 'สตีฟ จ็อบส์', 4, 16),
(17, 'gates.jpg', 'บิล เกตส์', 4, 17),
(18, 'linus.jpg', 'ไลนัส ทอร์วัลด์ส', 4, 18),
(19, 'charles.jpg', 'ชาร์ลส์ แบบเบจ', 4, 19),
(20, 'timothy.jpg', 'ทิม เบอร์เนอร์ส- ลี', 4, 20),
(21, 'pele.jpg', 'เปเล่', 5, 24),
(22, 'ronaldo.jpg', 'คริสเตียโน โรนัลโด', 5, 23),
(23, 'messi.jpg', 'ลิโอเนล เมสซี่', 5, 22),
(24, 'usain.jpg', 'ยูเซน โบลต์', 5, 21),
(25, 'andre.jpg', 'อานเดร แอกัสซี ', 5, 25);

-- --------------------------------------------------------

--
-- Table structure for table `tbl_persontype`
--

CREATE TABLE `tbl_persontype` (
  `id_type` int(11) NOT NULL,
  `name` varchar(50) NOT NULL
) ENGINE=InnoDB DEFAULT CHARSET=utf8;

--
-- Dumping data for table `tbl_persontype`
--

INSERT INTO `tbl_persontype` (`id_type`, `name`) VALUES
(1, 'วิทยาศาสตร์'),
(2, 'การปกครอง'),
(3, 'ศิลปะ'),
(4, 'เทคโนโลยี'),
(5, 'กีฬา');

-- --------------------------------------------------------

--
-- Table structure for table `tbl_user`
--

CREATE TABLE `tbl_user` (
  `id_user` int(11) NOT NULL,
  `name` varchar(50) NOT NULL,
  `email` varchar(50) NOT NULL,
  `password` varchar(20) NOT NULL,
  `img_user` varchar(100) NOT NULL DEFAULT 'profile.jpg'
) ENGINE=InnoDB DEFAULT CHARSET=utf8;

--
-- Dumping data for table `tbl_user`
--

INSERT INTO `tbl_user` (`id_user`, `name`, `email`, `password`, `img_user`) VALUES
(19, 'ja', 'ja', '1150', 'image_picker8859188509114136449.jpg'),
(20, '2', '2', '2', 'image_picker3742035334043108546.jpg'),
(21, '6', '20', '5', 'image_picker560812890908472294.jpg'),
(22, '8888', '8', '9', 'image_picker6173469948264741046.jpg'),
(23, '12345', '123', '123', 'image_picker2362920481852821827.jpg'),
(24, '66', '66', '66', 'image_picker3847108601413406975.png');

--
-- Indexes for dumped tables
--

--
-- Indexes for table `tbl_description`
--
ALTER TABLE `tbl_description`
  ADD PRIMARY KEY (`id_des`);

--
-- Indexes for table `tbl_favour`
--
ALTER TABLE `tbl_favour`
  ADD PRIMARY KEY (`id_favour`),
  ADD KEY `fk_user` (`id_user`),
  ADD KEY `fk_person` (`id_person`);

--
-- Indexes for table `tbl_person`
--
ALTER TABLE `tbl_person`
  ADD PRIMARY KEY (`id_person`),
  ADD KEY `fk_type` (`id_type`),
  ADD KEY `id_des` (`id_des`);

--
-- Indexes for table `tbl_persontype`
--
ALTER TABLE `tbl_persontype`
  ADD PRIMARY KEY (`id_type`);

--
-- Indexes for table `tbl_user`
--
ALTER TABLE `tbl_user`
  ADD PRIMARY KEY (`id_user`);

--
-- AUTO_INCREMENT for dumped tables
--

--
-- AUTO_INCREMENT for table `tbl_description`
--
ALTER TABLE `tbl_description`
  MODIFY `id_des` int(11) NOT NULL AUTO_INCREMENT, AUTO_INCREMENT=26;

--
-- AUTO_INCREMENT for table `tbl_favour`
--
ALTER TABLE `tbl_favour`
  MODIFY `id_favour` int(11) NOT NULL AUTO_INCREMENT, AUTO_INCREMENT=82;

--
-- AUTO_INCREMENT for table `tbl_person`
--
ALTER TABLE `tbl_person`
  MODIFY `id_person` int(11) NOT NULL AUTO_INCREMENT, AUTO_INCREMENT=26;

--
-- AUTO_INCREMENT for table `tbl_persontype`
--
ALTER TABLE `tbl_persontype`
  MODIFY `id_type` int(11) NOT NULL AUTO_INCREMENT, AUTO_INCREMENT=6;

--
-- AUTO_INCREMENT for table `tbl_user`
--
ALTER TABLE `tbl_user`
  MODIFY `id_user` int(11) NOT NULL AUTO_INCREMENT, AUTO_INCREMENT=25;

--
-- Constraints for dumped tables
--

--
-- Constraints for table `tbl_favour`
--
ALTER TABLE `tbl_favour`
  ADD CONSTRAINT `fk_person` FOREIGN KEY (`id_person`) REFERENCES `tbl_person` (`id_person`),
  ADD CONSTRAINT `fk_user` FOREIGN KEY (`id_user`) REFERENCES `tbl_user` (`id_user`);

--
-- Constraints for table `tbl_person`
--
ALTER TABLE `tbl_person`
  ADD CONSTRAINT `fk_type` FOREIGN KEY (`id_type`) REFERENCES `tbl_persontype` (`id_type`),
  ADD CONSTRAINT `tbl_person_ibfk_1` FOREIGN KEY (`id_des`) REFERENCES `tbl_description` (`id_des`);
COMMIT;

/*!40101 SET CHARACTER_SET_CLIENT=@OLD_CHARACTER_SET_CLIENT */;
/*!40101 SET CHARACTER_SET_RESULTS=@OLD_CHARACTER_SET_RESULTS */;
/*!40101 SET COLLATION_CONNECTION=@OLD_COLLATION_CONNECTION */;
